embedding,assigned_group,group_corr_sum,n_pairs,max_corr,group_dataset_support,total_corr_sum,assignment_confidence,support_ratio
emb_593,SYNTACTIC,2.1065,4,0.5506,3,2.1065,1.0000,1.0000
emb_219,SYNTACTIC,4.7369,8,0.6809,3,5.8281,0.8128,1.0000
emb_105,SYNTACTIC,8.1447,14,0.6719,3,10.9813,0.7417,1.0000
emb_65,SYNTACTIC,6.0142,10,0.7365,3,8.4797,0.7092,1.0000
emb_179,SYNTACTIC,3.7333,6,0.7097,3,5.4059,0.6906,1.0000
emb_758,SYNTACTIC,4.7893,8,0.6429,3,6.9894,0.6852,1.0000
emb_766,SYNTACTIC,6.8659,12,0.6614,3,10.3590,0.6628,1.0000
emb_101,SYNTACTIC,5.3378,9,0.7359,3,8.2934,0.6436,1.0000
emb_9,SYNTACTIC,8.3605,14,0.6719,3,13.1691,0.6349,1.0000
emb_709,SYNTACTIC,4.0624,7,0.6674,3,6.4255,0.6322,1.0000
emb_276,SYNTACTIC,4.9007,9,0.6064,3,7.8460,0.6246,1.0000
emb_693,SYNTACTIC,4.2320,7,0.7810,3,6.8460,0.6182,1.0000
emb_452,SYNTACTIC,6.9657,12,0.6994,3,11.4339,0.6092,1.0000
emb_678,SYNTACTIC,2.7736,4,0.7852,2,2.7736,1.0000,0.6667
emb_0,SYNTACTIC,2.2508,4,0.6025,2,2.2508,1.0000,0.6667
emb_724,SYNTACTIC,2.1894,4,0.5790,2,2.1894,1.0000,0.6667
emb_20,SYNTACTIC,2.1679,4,0.5488,2,2.1679,1.0000,0.6667
emb_539,SYNTACTIC,1.6807,3,0.6336,2,1.6807,1.0000,0.6667
emb_405,SYNTACTIC,1.6178,3,0.5652,2,1.6178,1.0000,0.6667
emb_204,SYNTACTIC,1.5790,3,0.5383,2,1.5790,1.0000,0.6667
emb_713,SYNTACTIC,1.5539,3,0.5214,2,1.5539,1.0000,0.6667
emb_697,SYNTACTIC,1.5163,3,0.5131,2,1.5163,1.0000,0.6667
emb_360,SYNTACTIC,1.1896,2,0.6775,2,1.1896,1.0000,0.6667
emb_688,SYNTACTIC,1.0526,2,0.5338,2,1.0526,1.0000,0.6667
emb_186,SYNTACTIC,1.0490,2,0.5485,2,1.0490,1.0000,0.6667
emb_84,SYNTACTIC,6.1258,10,0.6392,2,6.7398,0.9089,0.6667
emb_310,SYNTACTIC,4.3633,8,0.6359,2,4.9031,0.8899,0.6667
emb_732,SYNTACTIC,4.9615,8,0.7279,2,5.5820,0.8888,0.6667
emb_487,SYNTACTIC,3.7500,7,0.6211,2,4.2533,0.8817,0.6667
emb_499,SYNTACTIC,4.1594,7,0.7189,2,4.7358,0.8783,0.6667
emb_551,SYNTACTIC,4.9579,8,0.7693,2,5.6535,0.8770,0.6667
emb_1,SYNTACTIC,4.0332,7,0.6998,2,4.6069,0.8755,0.6667
emb_496,SYNTACTIC,4.5605,7,0.7797,2,5.2335,0.8714,0.6667
emb_627,SYNTACTIC,3.5606,6,0.7027,2,4.1235,0.8635,0.6667
emb_240,SYNTACTIC,3.8294,7,0.6248,2,4.4492,0.8607,0.6667
emb_518,SYNTACTIC,3.3339,6,0.5721,2,3.8875,0.8576,0.6667
emb_77,SYNTACTIC,3.8619,6,0.7763,2,4.5074,0.8568,0.6667
emb_59,SYNTACTIC,3.3599,6,0.6215,2,3.9596,0.8485,0.6667
emb_353,SYNTACTIC,2.8322,5,0.6401,2,3.3885,0.8358,0.6667
emb_337,SYNTACTIC,2.3369,4,0.6168,2,2.8695,0.8144,0.6667
emb_168,SYNTACTIC,2.2396,4,0.6072,2,2.7599,0.8115,0.6667
emb_483,SYNTACTIC,5.0114,9,0.7403,2,6.1967,0.8087,0.6667
emb_113,SYNTACTIC,4.8026,8,0.6415,2,5.9807,0.8030,0.6667
emb_279,SYNTACTIC,2.1249,4,0.5409,2,2.6739,0.7947,0.6667
emb_195,SYNTACTIC,3.9447,7,0.6274,2,4.9774,0.7925,0.6667
emb_541,SYNTACTIC,6.3685,11,0.7241,2,8.0849,0.7877,0.6667
emb_421,STRUCTURAL,1.8266,3,0.6587,2,2.3267,0.7851,0.6667
emb_662,SYNTACTIC,4.2448,7,0.7322,2,5.4093,0.7847,0.6667
emb_624,SYNTACTIC,4.2479,7,0.6486,2,5.4378,0.7812,0.6667
emb_480,SYNTACTIC,4.0567,7,0.7180,2,5.2159,0.7778,0.6667
emb_244,SYNTACTIC,1.7990,3,0.6779,2,2.3209,0.7751,0.6667
emb_458,SYNTACTIC,4.4980,7,0.7760,2,5.8051,0.7748,0.6667
emb_519,STRUCTURAL,1.7325,3,0.6183,2,2.2615,0.7661,0.6667
emb_549,SYNTACTIC,1.8426,3,0.6324,2,2.4067,0.7656,0.6667
emb_64,SYNTACTIC,2.1061,4,0.5571,2,2.7636,0.7621,0.6667
emb_236,SYNTACTIC,1.6651,3,0.6003,2,2.1896,0.7605,0.6667
emb_424,SYNTACTIC,4.1471,7,0.6476,2,5.4565,0.7600,0.6667
emb_711,STRUCTURAL,1.6411,3,0.5659,2,2.1678,0.7570,0.6667
emb_658,SYNTACTIC,3.6342,6,0.7571,2,4.8217,0.7537,0.6667
emb_461,SYNTACTIC,3.6908,6,0.6837,2,4.9007,0.7531,0.6667
emb_388,SYNTACTIC,5.1141,8,0.8074,2,6.8845,0.7428,0.6667
emb_638,SYNTACTIC,3.1459,6,0.6027,2,4.2484,0.7405,0.6667
emb_293,SYNTACTIC,9.4998,16,0.7013,2,12.9720,0.7323,0.6667
emb_582,SYNTACTIC,3.0566,5,0.6276,2,4.1797,0.7313,0.6667
emb_139,STRUCTURAL,1.7850,3,0.6544,2,2.4411,0.7312,0.6667
emb_273,SYNTACTIC,7.5691,13,0.7463,2,10.4262,0.7260,0.6667
emb_167,SYNTACTIC,4.1529,7,0.6592,2,5.7549,0.7216,0.6667
emb_476,SYNTACTIC,7.4962,13,0.7128,2,10.4021,0.7206,0.6667
emb_559,SYNTACTIC,5.0761,8,0.8040,2,7.0988,0.7151,0.6667
emb_277,SYNTACTIC,4.8065,8,0.7167,2,6.7881,0.7081,0.6667
emb_431,SYNTACTIC,2.7345,5,0.5848,2,3.8717,0.7063,0.6667
emb_13,SYNTACTIC,11.7487,19,0.7546,2,16.6866,0.7041,0.6667
emb_686,SYNTACTIC,5.0087,8,0.7967,2,7.1279,0.7027,0.6667
emb_323,SYNTACTIC,2.7229,5,0.5917,2,3.9091,0.6966,0.6667
emb_547,SYNTACTIC,4.1495,7,0.7322,2,5.9857,0.6932,0.6667
emb_365,SYNTACTIC,4.3366,7,0.7385,2,6.2729,0.6913,0.6667
emb_45,SYNTACTIC,2.8404,5,0.6586,2,4.1162,0.6901,0.6667
emb_743,SYNTACTIC,4.0964,7,0.6971,2,5.9569,0.6877,0.6667
emb_340,SYNTACTIC,3.6311,6,0.7216,2,5.2893,0.6865,0.6667
emb_749,SYNTACTIC,3.3139,6,0.5957,2,4.8526,0.6829,0.6667
emb_656,SYNTACTIC,9.9061,16,0.7536,2,14.5130,0.6826,0.6667
emb_420,SYNTACTIC,6.5708,11,0.6990,2,9.6649,0.6799,0.6667
emb_741,SYNTACTIC,7.4241,12,0.7277,2,10.9588,0.6775,0.6667
emb_245,COMPLEXITY,1.0646,2,0.5533,2,1.5762,0.6754,0.6667
emb_311,SYNTACTIC,4.6602,8,0.6880,2,6.9278,0.6727,0.6667
emb_517,SYNTACTIC,1.0977,2,0.5780,2,1.6365,0.6708,0.6667
emb_462,SYNTACTIC,8.3507,14,0.7151,2,12.4530,0.6706,0.6667
emb_147,SYNTACTIC,2.1944,4,0.5783,2,3.2803,0.6690,0.6667
emb_173,SYNTACTIC,2.1979,4,0.5869,2,3.2958,0.6669,0.6667
emb_573,SYNTACTIC,3.6479,6,0.7220,2,5.4731,0.6665,0.6667
emb_90,SYNTACTIC,2.1804,4,0.5598,2,3.2833,0.6641,0.6667
emb_317,SYNTACTIC,3.8844,7,0.5945,2,5.8621,0.6626,0.6667
emb_687,SYNTACTIC,4.3718,8,0.6346,2,6.7662,0.6461,0.6667
emb_75,SYNTACTIC,10.5643,17,0.7765,2,16.4662,0.6416,0.6667
emb_67,SYNTACTIC,2.7628,4,0.7709,2,4.3114,0.6408,0.6667
emb_384,STRUCTURAL,2.3373,4,0.6440,2,3.6686,0.6371,0.6667
emb_159,SYNTACTIC,6.7096,12,0.6188,2,10.5688,0.6348,0.6667
emb_756,STRUCTURAL,1.8741,3,0.7658,2,2.9607,0.6330,0.6667
emb_12,SYNTACTIC,6.3773,10,0.7672,2,10.0994,0.6315,0.6667
emb_57,SYNTACTIC,3.9016,7,0.5909,2,6.2051,0.6288,0.6667
emb_615,SYNTACTIC,7.3761,13,0.6887,2,11.8517,0.6224,0.6667
emb_335,SYNTACTIC,4.8250,8,0.6511,2,7.7747,0.6206,0.6667
emb_259,SYNTACTIC,2.6320,4,0.7208,2,4.2448,0.6201,0.6667
emb_685,LEXICAL,1.6903,3,0.6497,2,2.7431,0.6162,0.6667
emb_40,SYNTACTIC,5.7022,10,0.6944,2,9.2551,0.6161,0.6667
emb_39,SYNTACTIC,6.7607,11,0.8011,2,10.9779,0.6158,0.6667
emb_66,SYNTACTIC,3.8048,6,0.6759,2,6.1892,0.6147,0.6667
emb_212,SYNTACTIC,5.4244,9,0.7325,2,8.8893,0.6102,0.6667
emb_170,STRUCTURAL,1.6806,3,0.5659,2,2.7638,0.6081,0.6667
emb_242,SYNTACTIC,6.5721,11,0.7161,2,10.8197,0.6074,0.6667
emb_651,SYNTACTIC,4.0887,7,0.6291,2,6.7317,0.6074,0.6667
emb_48,SYNTACTIC,7.2593,12,0.7394,2,11.9716,0.6064,0.6667
emb_17,STRUCTURAL,1.9333,3,0.7291,2,3.1905,0.6060,0.6667
emb_492,SYNTACTIC,1.6696,3,0.5634,2,2.7585,0.6053,0.6667
emb_287,SYNTACTIC,2.3553,4,0.6283,2,3.9186,0.6011,0.6667
emb_243,STRUCTURAL,1.7043,3,0.6017,2,2.8395,0.6002,0.6667
